grade_band,numberOfStudents,averageAbsences,internetAccessPercentaeg
High,131,2.7557251908396947,0.8549618320610687
Low,100,4.61,0.68
Medium,418,3.715311004784689,0.7607655502392344
